{
  "ext/controller/RulesToLevelsObjectPage-dbg.controller.js": 1758105186244,
  "ext/controller/ApproversObjectPage.controller.js": 1758126483372,
  "ext/controller/RulesToLevelsObjectPage.controller.js": 1758105186244,
  "ext/controller/RuleLevelToRuleApproversObjectPage.controller.js": 1758127530083,
  "ext/controller/List.controller.js": 1758127227490,
  "ext/fragment/SwitchFrag.js": 1758101468217,
  "manifest.json": 1758187719777,
  "Component.js": 1758094749696,
  "Component-dbg.js": 1758094749696,
  "Component.js.map": 1758187933375,
  "i18n/i18n.properties": 1758094769688,
  "ext/controller/RulesToLevelsObjectPage.controller.js.map": 1758187933377,
  "ext/controller/RuleLevelToRuleApproversObjectPage-dbg.controller.js": 1758127530083,
  "ext/controller/RuleLevelToRuleApproversObjectPage.controller.js.map": 1758187933376,
  "ext/controller/List-dbg.controller.js": 1758127227490,
  "ext/controller/List.controller.js.map": 1758187933376,
  "ext/fragment/SwitchFrag-dbg.js": 1758101468217,
  "ext/fragment/SwitchFrag.js.map": 1758187933376,
  "ext/controller/ApproversObjectPage-dbg.controller.js": 1758126483372,
  "ext/controller/ApproversObjectPage.controller.js.map": 1758187933378,
  "Component-preload.js": 1758187933568,
  "Component-preload.js.map": 1758187933568,
  "ext/fragment/SwitchFrag.fragment.xml": 1758102145624,
  "index.html": 1758094749696
}